Metrics/EpRet,Metrics/EpRet/Min,Metrics/EpRet/Max,Metrics/EpRet/Std,Metrics/EpCost,Metrics/EpCost/Min,Metrics/EpCost/Max,Metrics/EpCost/Std,Eval/EpRet,Eval/EpCost,Train/Epoch,Train/TotalSteps,Loss/Loss_reward_critic,Loss/Loss_cost_critic,Loss/Loss_actor_improve,Loss/Loss_actor_expected_improve,Misc/Reward_critic_norm,Misc/Cost_critic_norm,Misc/Entropy,Misc/Ratio,Misc/KL,Time/Total,Time/FPS
-0.0019036649027839303,-0.0019036649027839303,-0.0019036649027839303,0.0,0.0,0.0,0.0,0.0,0.0,0.0,0,10000,2.318788210686762e-05,0.0,-0.0038076164200901985,-0.038061439990997314,0.0008985526801552624,0.001687259878963232,0.4125617891550064,1.0000653266906738,-3.144382208120078e-05,215.70276880264282,46
-0.0003605831880122423,-0.0003605831880122423,-0.0003605831880122423,0.0,0.0,0.0,0.0,0.0,0.0,0.0,1,20000,0.005525993416085839,9.226927616268199e-05,-0.0009256998018827289,-0.00926601979881525,0.6038479506969452,1.0112003684043884,0.41269782185554504,0.9999964833259583,-0.0004581024550134316,493.54683780670166,40
0.00044778850860893726,0.00044778850860893726,0.00044778850860893726,0.0,0.0,0.0,0.0,0.0,0.0,0.0,2,30000,0.010285756783559918,0.0003473242658191822,-0.000991291890386492,-0.009917216375470161,0.7771148979663849,0.18813686072826385,0.4131989926099777,1.000025898218155,-0.0019167130813002586,778.5589375495911,38
0.001232180162332952,0.001232180162332952,0.001232180162332952,0.0,0.0,0.0,0.0,0.0,0.0,0.0,3,40000,0.0027356044156476855,3.5333442979013086e-05,-0.0010785530903376639,-0.010794383473694324,0.3518458157777786,0.20102868229150772,0.4131566137075424,0.9999371469020844,0.00025806540361372754,1039.9365980625153,38
6.23815003564232e-06,6.23815003564232e-06,6.23815003564232e-06,0.0,0.0,0.0,0.0,0.0,0.0,0.0,4,50000,0.00037678626540582627,-0.0001176556106772253,-0.0013801949680782855,-0.01379284169524908,0.12591244652867317,0.17907781898975372,0.4132767915725708,0.9999246895313263,-0.0003875803231494501,1320.7659044265747,37
-0.0014685126952826977,-0.0014685126952826977,-0.0014685126952826977,0.0,0.0,0.0,0.0,0.0,0.0,0.0,5,60000,0.0022309685009531677,0.00017029299903661976,-0.0010293629602529109,-0.010277514811605215,0.26518505811691284,0.10697890445590019,0.41343334317207336,0.9998936951160431,-0.000541108165634796,1581.8148410320282,37
-0.001503780484199524,-0.001503780484199524,-0.001503780484199524,0.0,0.0,0.0,0.0,0.0,0.0,0.0,6,70000,0.0020836603362113237,0.0003110921509563991,-0.0010990449227392673,-0.010990623384714127,0.2275303602218628,0.26264647394418716,0.4133031517267227,1.0001359581947327,0.0006093786505516618,1862.9427263736725,37
-3.5621458209789125e-06,-3.5621458209789125e-06,-3.5621458209789125e-06,0.0,0.0,0.0,0.0,0.0,0.0,0.0,7,80000,0.0007680355047341436,-0.0002782347546426145,-0.0010646570881363004,-0.010653571225702763,0.12617004290223122,0.3268904387950897,0.41324080526828766,1.0001173615455627,0.0003390267083887011,2134.529726266861,37
-0.0007815489661879838,-0.0007815489661879838,-0.0007815489661879838,0.0,0.0,0.0,0.0,0.0,0.0,0.0,8,90000,9.615049566491507e-05,0.00016389956364859515,-0.001812717819120735,-0.01813129335641861,0.0392551776021719,0.16554030776023865,0.41325996816158295,0.9999820590019226,1.925276592373848e-05,2407.8637664318085,37
0.0014293263666331768,0.0014293263666331768,0.0014293263666331768,0.0,0.0,0.0,0.0,0.0,0.0,0.0,9,100000,0.00010767041385406628,-8.016853412851077e-05,-0.0020540469558909535,-0.020542982034385204,0.04893931467086077,0.21815162897109985,0.41332434117794037,1.0000352263450623,-0.0001618653695913963,2705.475033044815,36
-0.0009179456392303109,-0.0009179456392303109,-0.0009179456392303109,0.0,0.0,0.0,0.0,0.0,0.0,0.0,10,110000,0.00036976746196160093,0.0002113704737505273,-0.0012927980860695243,-0.012946458999067545,0.0726189985871315,0.19717543572187424,0.41321051120758057,1.0000606179237366,0.0005455240025185049,2963.0675213336945,37
0.0003013766836374998,0.0003013766836374998,0.0003013766836374998,0.0,0.0,0.0,0.0,0.0,0.0,0.0,11,120000,0.0005065183358965442,0.00013393793720783975,-0.0012838667607866228,-0.0128425401635468,0.0733660627156496,0.20585967600345612,0.41294869780540466,0.999996155500412,0.0011389682185836136,3257.1497383117676,36
-0.0005845255218446255,-0.0005845255218446255,-0.0005845255218446255,0.0,0.0,0.0,0.0,0.0,0.0,0.0,12,130000,0.0005040879623265937,-0.00020126590451696735,-0.0011561093851923943,-0.011555015109479427,0.08068441227078438,0.13310522958636284,0.41304758191108704,1.0000607371330261,-0.0003049637375625025,3566.815115213394,36
-0.0005837681237608194,-0.0005837681237608194,-0.0005837681237608194,0.0,0.0,0.0,0.0,0.0,0.0,0.0,13,140000,0.0004046183603350073,-2.6244973801659022e-05,-0.001309637853410095,-0.01310725137591362,0.06094186007976532,0.13600630313158035,0.41303393244743347,0.9998712837696075,0.00014668703261122573,3860.184751033783,36
0.002677852986380458,0.002677852986380458,0.002677852986380458,0.0,0.0,0.0,0.0,0.0,0.0,0.0,14,150000,0.0003104167408309877,9.185123502675197e-06,-0.0018375386716797948,-0.018368533346801996,0.04163696616888046,0.10648919641971588,0.4129985570907593,1.0001312792301178,0.00023392644652631134,4175.405042409897,35
-0.0009293298935517669,-0.0009293298935517669,-0.0009293298935517669,0.0,0.0,0.0,0.0,0.0,0.0,0.0,15,160000,0.00016330098151229322,0.00024158196267620724,-0.0017572806682437658,-0.01758145121857524,0.04176640510559082,0.21321076899766922,0.41323187947273254,0.9998785555362701,-0.0008389089343836531,4462.797407150269,35
0.0007732701487839222,0.0007732701487839222,0.0007732701487839222,0.0,0.0,0.0,0.0,0.0,0.0,0.0,16,170000,7.413192906824406e-05,-2.3862075960057183e-05,-0.0023904351401142776,-0.023893076926469803,0.02993300650268793,0.17881808429956436,0.4132649600505829,1.000025063753128,-3.559072865755297e-05,4788.778712272644,35
-0.000169814913533628,-0.000169814913533628,-0.000169814913533628,0.0,0.0,0.0,0.0,0.0,0.0,0.0,17,180000,5.176722333999351e-05,-7.223987581461699e-06,-0.0029775925213471055,-0.029798749834299088,0.022567057516425848,0.15743859484791756,0.4132459759712219,0.999681681394577,0.00017414658213965595,5078.464711666107,35
-0.0008563214796595275,-0.0008563214796595275,-0.0008563214796595275,0.0,0.0,0.0,0.0,0.0,0.0,0.0,18,190000,4.288432864996139e-05,-0.00010061025280716507,-0.0027090306393802166,-0.027117242105305195,0.03445248957723379,0.1808622106909752,0.41318510472774506,1.0000425577163696,0.00034100683114957064,5389.98749423027,35
-0.0007480407366529107,-0.0007480407366529107,-0.0007480407366529107,0.0,0.0,0.0,0.0,0.0,0.0,0.0,19,200000,5.68817563362245e-05,9.99955198253133e-05,-0.0026256712153553963,-0.02626899443566799,0.02224448276683688,0.1036535631865263,0.4131619334220886,0.9999093115329742,0.00018896832398240804,5671.35968208313,35
3.7405930925160646e-05,3.7405930925160646e-05,3.7405930925160646e-05,0.0,0.0,0.0,0.0,0.0,0.0,0.0,20,210000,8.934688230510801e-05,0.00010316109829577869,-0.002678862540051341,-0.026802033185958862,0.024586993269622326,0.18670764565467834,0.41297002136707306,1.0001240968704224,0.0008651110983919352,5983.419722795486,35
0.0022339331917464733,0.0022339331917464733,0.0022339331917464733,0.0,0.0,0.0,0.0,0.0,0.0,0.0,21,220000,0.00011132254803669639,3.276729562795566e-05,-0.0022834441624581814,-0.022841431200504303,0.031242999248206615,0.12468920275568962,0.412966713309288,1.0001026690006256,0.00010891289821302053,6265.463058710098,35
0.0001549887820146978,0.0001549887820146978,0.0001549887820146978,0.0,0.0,0.0,0.0,0.0,0.0,0.0,22,230000,0.0001084176947188098,-0.00013436126869637022,-0.0022551993606612086,-0.02255642879754305,0.025694887153804302,0.21498818695545197,0.4129544049501419,0.9999570548534393,0.00014551556523656473,6534.865257024765,35
0.0016612187027931213,0.0016612187027931213,0.0016612187027931213,0.0,0.0,0.0,0.0,0.0,0.0,0.0,23,240000,0.00010894218576140702,1.1103272235774009e-05,-0.0019324300228618085,-0.019319995306432247,0.01838191319257021,0.10706362314522266,0.41284072399139404,1.000171959400177,0.000550044518604409,6854.60658454895,35
0.0006162062054499984,0.0006162062054499984,0.0006162062054499984,0.0,0.0,0.0,0.0,0.0,0.0,0.0,24,250000,9.608821710571647e-05,0.00013366073884535368,-0.00176194281084463,-0.017608520109206438,0.0277171959169209,0.16710777953267097,0.412790909409523,1.0002198815345764,0.0002932446727754723,7162.083861589432,34
-0.0003557965101208538,-0.0003557965101208538,-0.0003557965101208538,0.0,0.0,0.0,0.0,0.0,0.0,0.0,25,260000,9.697148198029026e-05,-6.440591817913344e-05,-0.0023818035842850804,-0.023793046362698078,0.023396619129925966,0.12605923414230347,0.4129633158445358,1.0000205039978027,-0.0005924675715505145,7434.213920116425,34
0.00017375839524902403,0.00017375839524902403,0.00017375839524902403,0.0,0.0,0.0,0.0,0.0,0.0,0.0,26,270000,6.470978769357316e-05,-0.00015795984314737055,-0.0016893718275241554,-0.01690348330885172,0.015961614903062582,0.1670982502400875,0.4127515107393265,0.9999159872531891,0.0009406026510987431,7722.073292732239,34
-0.0007056244648993015,-0.0007056244648993015,-0.0007056244648993015,0.0,0.0,0.0,0.0,0.0,0.0,0.0,27,280000,5.6519158533774316e-05,0.00018943709705432354,-0.002455272478982806,-0.02457915898412466,0.022809356916695833,0.14264559000730515,0.412725031375885,1.0001214742660522,0.00020161466591162025,8000.4784507751465,34
0.0023337341845035553,0.0023337341845035553,0.0023337341845035553,0.0,0.0,0.0,0.0,0.0,0.0,0.0,28,290000,4.7108744183788076e-05,0.0001106138261151024,-0.002729170140810311,-0.027303995564579964,0.01756355818361044,0.1591164581477642,0.4126923084259033,0.9999054670333862,0.00022827387874713168,8302.54134607315,34
0.0007923304801806808,0.0007923304801806808,0.0007923304801806808,0.0,0.0,0.0,0.0,0.0,0.0,0.0,29,300000,4.661749244405655e-05,0.00024230985401674232,-0.003128399606794119,-0.03126814216375351,0.01331417914479971,0.1352355070412159,0.4126995801925659,0.9999359250068665,6.920031410118099e-05,8583.170353412628,34
0.0004578051157295704,0.0004578051157295704,0.0004578051157295704,0.0,0.0,0.0,0.0,0.0,0.0,0.0,30,310000,4.268760676495731e-05,9.245490739118178e-05,-0.003114752355031669,-0.031151561997830868,0.020259257638826966,0.12390074878931046,0.412686362862587,0.9998472630977631,0.0001517592645541299,8875.04732632637,34
0.0008836950873956084,0.0008836950873956084,0.0008836950873956084,0.0,0.0,0.0,0.0,0.0,0.0,0.0,31,320000,3.791205017478205e-05,5.748791866366787e-05,-0.003460094681940973,-0.03458581306040287,0.013805268332362175,0.14220578968524933,0.4127504378557205,1.000086933374405,-0.00015758386689412873,9180.415019512177,34
0.0015204638475552201,0.0015204638475552201,0.0015204638475552201,0.0,0.0,0.0,0.0,0.0,0.0,0.0,32,330000,2.8304937586653978e-05,-7.900047335418492e-06,-0.003184777800925076,-0.03183021582663059,0.013938046526163816,0.08127811178565025,0.41274814307689667,1.000037670135498,0.00010603458940749988,9474.971765518188,34
-0.00010411006223876029,-0.00010411006223876029,-0.00010411006223876029,0.0,0.0,0.0,0.0,0.0,0.0,0.0,33,340000,2.4603867132100277e-05,0.00011496534558252947,-0.0029425802640616894,-0.029392467811703682,0.017211516271345317,0.14248204976320267,0.4127887338399887,1.0000130534172058,-6.51633909001248e-05,9779.510924816132,34
-0.0003624166129156947,-0.0003624166129156947,-0.0003624166129156947,0.0,0.0,0.0,0.0,0.0,0.0,0.0,34,350000,2.8983300580875948e-05,-1.7686843309938638e-06,-0.003182126907631755,-0.03182337153702974,0.010157899931073189,0.07219046354293823,0.4128457009792328,0.999896228313446,-0.00012970942771062255,10067.227303743362,34
-0.0016195360803976655,-0.0016195360803976655,-0.0016195360803976655,0.0,0.0,0.0,0.0,0.0,0.0,0.0,35,360000,3.417589414311806e-05,1.2384032893386632e-05,-0.0031315715750679374,-0.031316325068473816,0.01450967276468873,0.1199878491461277,0.41280102729797363,1.0000298917293549,0.0002772721054498106,10366.944433689117,34
0.0017836196348071098,0.0017836196348071098,0.0017836196348071098,0.0,0.0,0.0,0.0,0.0,0.0,0.0,36,370000,3.3591365536267404e-05,-0.00010999519496657229,-0.0033013179199770093,-0.033026610501110554,0.01837719092145562,0.07044536247849464,0.4128047227859497,0.9999521970748901,8.410200825892389e-05,10688.007306814194,34
-0.0005683487979695201,-0.0005683487979695201,-0.0005683487979695201,0.0,0.0,0.0,0.0,0.0,0.0,0.0,37,380000,4.098907720617717e-05,8.30225004468943e-05,-0.0034347129985690117,-0.034359291195869446,0.013287272304296494,0.11919693648815155,0.4127874970436096,1.0000471472740173,0.00016516814503120258,10981.693660974503,34
-0.00019785428594332188,-0.00019785428594332188,-0.00019785428594332188,0.0,0.0,0.0,0.0,0.0,0.0,0.0,38,390000,2.391187035755138e-05,-2.9180050388433187e-05,-0.00304266344755888,-0.030403644777834415,0.008232034160755575,0.05904807709157467,0.4128158539533615,1.0000978410243988,-1.6886391676962376e-05,11287.922005176544,34
-0.001519068842753768,-0.001519068842753768,-0.001519068842753768,0.0,0.0,0.0,0.0,0.0,0.0,0.0,39,400000,3.7904623241047375e-05,-4.443435579304378e-05,-0.0033160506282001734,-0.03318486735224724,0.017267231596633792,0.06401538103818893,0.4128365069627762,0.9999454915523529,1.615266955923289e-05,11590.003759145737,34
-0.002618882106617093,-0.002618882106617093,-0.002618882106617093,0.0,0.0,0.0,0.0,0.0,0.0,0.0,40,410000,2.5548430130584165e-05,-1.3397908382728474e-05,-0.0030736265471205115,-0.030783862806856632,0.014872762374579906,0.07524440065026283,0.41270673274993896,0.9999032318592072,0.0006145100051071495,11898.248187065125,34
0.00045869656605646014,0.00045869656605646014,0.00045869656605646014,0.0,0.0,0.0,0.0,0.0,0.0,0.0,41,420000,3.499572176224319e-05,9.938723921099069e-05,-0.003396666841581464,-0.03394383378326893,0.010531409760005772,0.07743525505065918,0.412692129611969,1.0001556873321533,0.00015593104035360739,12181.371435403824,34
0.0013984808465465903,0.0013984808465465903,0.0013984808465465903,0.0,0.0,0.0,0.0,0.0,0.0,0.0,42,430000,2.8178807951917406e-05,-0.00013210473111868737,-0.0028802737360820174,-0.02883032988756895,0.01638659299351275,0.0637607742100954,0.4126245081424713,1.0000496208667755,0.00036673175327450735,12462.612793684006,34
-0.00027600410976447165,-0.00027600410976447165,-0.00027600410976447165,0.0,0.0,0.0,0.0,0.0,0.0,0.0,43,440000,2.6251822418998927e-05,-0.00010561852504054059,-0.00325180112849921,-0.03250374272465706,0.007768695475533605,0.10434924811124802,0.4126316159963608,0.9999415576457977,6.882572051836178e-05,12734.973978757858,34
0.0017580713611096144,0.0017580713611096144,0.0017580713611096144,0.0,0.0,0.0,0.0,0.0,0.0,0.0,44,450000,3.147549432469532e-05,5.6067655812341854e-05,-0.0034977023024111986,-0.03496210463345051,0.017437394708395004,0.05098769813776016,0.41267527639865875,1.000047504901886,-7.792151336616371e-05,13012.367033958435,34
0.0007922238437458873,0.0007922238437458873,0.0007922238437458873,0.0,0.0,0.0,0.0,0.0,0.0,0.0,45,460000,2.594907255115686e-05,4.299230466120463e-05,-0.0032787860836833715,-0.03281691949814558,0.009370042476803064,0.1132693849503994,0.4127315282821655,0.9999744296073914,-0.0001301323682127986,13258.997889757156,34
0.00039845044375397265,0.00039845044375397265,0.00039845044375397265,0.0,0.0,0.0,0.0,0.0,0.0,0.0,46,470000,2.9527822334785014e-05,-7.127046721677743e-07,-0.003495349665172398,-0.0349277313798666,0.002811350510455668,0.06810170039534569,0.4127949923276901,0.9999482333660126,-0.00015708222053945065,13511.264189004898,34
0.0012765985447913408,0.0012765985447913408,0.0012765985447913408,0.0,0.0,0.0,0.0,0.0,0.0,0.0,47,480000,2.4151399884431157e-05,-2.4547577570643853e-06,-0.0035165486624464393,-0.035151295363903046,0.01103355223312974,0.13759510219097137,0.4127870798110962,1.000119686126709,0.00013048443724983372,13769.49511051178,34
0.0027007139287889004,0.0027007139287889004,0.0027007139287889004,0.0,0.0,0.0,0.0,0.0,0.0,0.0,48,490000,1.0461960300744977e-05,-1.7482758255304987e-05,-0.0030217365128919482,-0.030191184021532536,0.007420084439218044,0.0765666551887989,0.41278545558452606,0.9999924004077911,0.00010091879084939137,14062.690153121948,34
0.0021269081626087427,0.0021269081626087427,0.0021269081626087427,0.0,0.0,0.0,0.0,0.0,0.0,0.0,49,500000,1.654321431487915e-05,-2.8668403305731616e-06,-0.0033182406332343817,-0.03320958744734526,0.004621818312443793,0.1539326086640358,0.4127044677734375,0.9999347925186157,0.0004206289304420352,14348.276769161224,34
0.00019964741659350693,0.00019964741659350693,0.00019964741659350693,0.0,0.0,0.0,0.0,0.0,0.0,0.0,50,510000,3.488356469460996e-05,0.00011982131064858237,-0.0038428761763498187,-0.03843008354306221,0.008876395178958774,0.1165943443775177,0.41271814703941345,1.0000652372837067,4.2946264329657424e-05,14653.935308933258,34
0.006235742941498756,0.006235742941498756,0.006235742941498756,0.0,0.0,0.0,0.0,0.0,0.0,0.0,51,520000,2.7116075216326863e-05,8.133637853902087e-05,-0.003541087033227086,-0.03539971448481083,0.012665418675169349,0.14057079330086708,0.41269057989120483,1.0000656843185425,0.00020721027249237522,14954.618263721466,34
0.002806261647492647,0.002806261647492647,0.002806261647492647,0.0,0.0,0.0,0.0,0.0,0.0,0.0,52,530000,1.7573136119608535e-05,-2.058277149341592e-05,-0.003688334720209241,-0.0368234533816576,0.015198344830423594,0.12534070387482643,0.41278859972953796,1.0000767707824707,-0.0002948314941022545,15232.732079029083,34
-1.352024241896288e-06,-1.352024241896288e-06,-1.352024241896288e-06,0.0,0.0,0.0,0.0,0.0,0.0,0.0,53,540000,1.735097248456441e-05,4.610156864259807e-06,-0.003405809053219855,-0.03403127379715443,0.016022271476686,0.07553141191601753,0.41276906430721283,1.0000568628311157,0.00017446379933971912,15548.990418195724,34
-0.00010395552089903504,-0.00010395552089903504,-0.00010395552089903504,0.0,0.0,0.0,0.0,0.0,0.0,0.0,54,550000,1.9888522729161195e-05,4.01399152409887e-05,-0.0036607346264645457,-0.036621950566768646,0.008412069291807711,0.16647938638925552,0.4127180725336075,0.9999083280563354,0.0003025721089215949,15835.369522094727,34
-0.0007750752847641706,-0.0007750752847641706,-0.0007750752847641706,0.0,0.0,0.0,0.0,0.0,0.0,0.0,55,560000,3.914732769771945e-05,-3.1376839114916066e-05,-0.0037508998066186905,-0.03751193359494209,0.02016650466248393,0.08196129649877548,0.4127323776483536,0.9999689161777496,4.257560249243397e-05,16116.82011628151,34
0.0001475000608479604,0.0001475000608479604,0.0001475000608479604,0.0,0.0,0.0,0.0,0.0,0.0,0.0,56,570000,1.6953198610281106e-05,5.815696826316774e-05,-0.0036222919588908553,-0.03620784357190132,0.0075818977784365416,0.14218613877892494,0.41274628043174744,0.999958872795105,4.1936495108529925e-05,16426.315373659134,34
0.0018772624898701906,0.0018772624898701906,0.0018772624898701906,0.0,0.0,0.0,0.0,0.0,0.0,0.0,57,580000,2.0792214854736812e-05,-9.526007380333823e-05,-0.003569986089132726,-0.03569834306836128,0.016440657433122396,0.09266126155853271,0.4127466678619385,1.0000571012496948,9.583470409779693e-05,16703.536542654037,34
-0.0016057994216680527,-0.0016057994216680527,-0.0016057994216680527,0.0,0.0,0.0,0.0,0.0,0.0,0.0,58,590000,2.4617634153401013e-05,0.00025785756572105356,-0.0035319762537255883,-0.0353190079331398,0.021949314512312412,0.1257326677441597,0.4127986282110214,1.0002282857894897,-0.0001099293222068809,17006.353893995285,34
-0.0018287826096639037,-0.0018287826096639037,-0.0018287826096639037,0.0,0.0,0.0,0.0,0.0,0.0,0.0,59,600000,1.840233653638279e-05,-5.619881081520006e-05,-0.0037796645192429423,-0.03777562640607357,0.010655877878889441,0.12374354898929596,0.41282810270786285,0.9998298287391663,-2.106459578499198e-05,17303.28805732727,34
0.0010316494153812528,0.0010316494153812528,0.0010316494153812528,0.0,0.0,0.0,0.0,0.0,0.0,0.0,60,610000,2.0544302969938144e-05,-9.965515347420961e-05,-0.0036798553774133325,-0.03678242489695549,0.027596157044172287,0.05642518401145935,0.412796750664711,0.9999846518039703,0.00022301072749542072,17601.49421286583,34
-0.00027605719515122473,-0.00027605719515122473,-0.00027605719515122473,0.0,0.0,0.0,0.0,0.0,0.0,0.0,61,620000,2.2075698325352278e-05,-4.007577939191265e-05,-0.00386463210452348,-0.03864536993205547,0.00815128325484693,0.07356508076190948,0.41279245913028717,0.9998857975006104,0.00011475060455268249,17923.370683908463,34
0.0010221621487289667,0.0010221621487289667,0.0010221621487289667,0.0,0.0,0.0,0.0,0.0,0.0,0.0,62,630000,2.3226817575050518e-05,-4.331748585695294e-05,-0.0035611233906820416,-0.035594621673226357,0.020842516561970115,0.09161749482154846,0.41277073323726654,0.9998604953289032,0.00018321091977213655,18240.2250957489,34
0.0019966105464845896,0.0019966105464845896,0.0019966105464845896,0.0,0.0,0.0,0.0,0.0,0.0,0.0,63,640000,1.0620421107887523e-05,6.0888053500463e-05,-0.0034623423125594854,-0.03460402600467205,0.015781867085024714,0.03054777253419161,0.4128376543521881,1.0000595450401306,-0.00017092338202928659,18543.929265022278,34
0.0021380844991654158,0.0021380844991654158,0.0021380844991654158,0.0,0.0,0.0,0.0,0.0,0.0,0.0,64,650000,2.1407532585726585e-05,-8.318667408310776e-05,-0.0037697155494242907,-0.03769280947744846,0.015046710148453712,0.10945533588528633,0.41280852258205414,0.9998695850372314,0.00021548155109485378,18835.01182961464,34
0.0026288877706974745,0.0026288877706974745,0.0026288877706974745,0.0,0.0,0.0,0.0,0.0,0.0,0.0,65,660000,1.3405123809206998e-05,2.3527144250579113e-06,-0.003523424849845469,-0.03522653318941593,0.01919304532930255,0.04391719400882721,0.4128328412771225,1.0001137256622314,9.296418284066021e-07,19122.289645910263,34
-0.001034228247590363,-0.001034228247590363,-0.001034228247590363,0.0,0.0,0.0,0.0,0.0,0.0,0.0,66,670000,2.041025163634913e-05,-9.867997233525827e-05,-0.00369870918802917,-0.03696581721305847,0.015815841034054756,0.08155087195336819,0.4128353148698807,0.9999659061431885,8.64869598444784e-05,19408.033017396927,34
1.4148768968880177e-05,1.4148768968880177e-05,1.4148768968880177e-05,0.0,0.0,0.0,0.0,0.0,0.0,0.0,67,680000,2.354726893827319e-05,-5.8160401962048525e-05,-0.0037564797094091773,-0.03757861629128456,0.012261717580258846,0.048440003767609596,0.41279570758342743,0.999776303768158,0.00025632663164287806,19706.922528505325,34
-0.0006350681069307029,-0.0006350681069307029,-0.0006350681069307029,0.0,0.0,0.0,0.0,0.0,0.0,0.0,68,690000,2.122987643815577e-05,7.415027852397671e-05,-0.003672487218864262,-0.03671085648238659,0.013428732752799988,0.15362628549337387,0.41281867027282715,0.9999264180660248,5.30722172698006e-06,19994.868882656097,34
0.0020602766890078783,0.0020602766890078783,0.0020602766890078783,0.0,0.0,0.0,0.0,0.0,0.0,0.0,69,700000,2.3298756786971353e-05,-2.0776749047435317e-05,-0.0037687482545152307,-0.03768661804497242,0.017240090761333704,0.0640837661921978,0.4128260612487793,0.9999710321426392,6.935177589184605e-05,20305.07192826271,34
-0.0024357889778912067,-0.0024357889778912067,-0.0024357889778912067,0.0,0.0,0.0,0.0,0.0,0.0,0.0,70,710000,1.982026151381433e-05,7.747349565612183e-05,-0.003768254886381328,-0.03766940161585808,0.016732098069041967,0.08128793723881245,0.4128240644931793,1.0000007450580597,0.00010491928151168395,20593.814895391464,34
0.0018043012823909521,0.0018043012823909521,0.0018043012823909521,0.0,0.0,0.0,0.0,0.0,0.0,0.0,71,720000,9.03836576071626e-06,-0.00013267497550696616,-0.0032026447588577867,-0.03202702570706606,0.007268732879310846,0.042329623363912106,0.4127747565507889,1.0001210570335388,0.0002946422027889639,20899.883246183395,34
0.003167396876960993,0.003167396876960993,0.003167396876960993,0.0,0.0,0.0,0.0,0.0,0.0,0.0,72,730000,3.391841437405674e-05,-0.00012882251390244903,-0.0038679783465340734,-0.0386860016733408,0.005699424305930734,0.05783658940345049,0.412791907787323,1.000078707933426,2.8628324798773974e-05,21208.974529266357,34
0.004670492839068174,0.004670492839068174,0.004670492839068174,0.0,0.0,0.0,0.0,0.0,0.0,0.0,73,740000,2.1994158487359527e-05,-1.6186095171732973e-05,-0.0037779484409838915,-0.037750786170363426,0.0076555958949029446,0.055083977058529854,0.41284753382205963,1.0000602006912231,-0.00012468053625980247,21538.26520061493,34
0.002533141989260912,0.002533141989260912,0.002533141989260912,0.0,0.0,0.0,0.0,0.0,0.0,0.0,74,750000,2.1485860997927375e-05,-0.00017793136029498058,-0.003665792173705995,-0.036664169281721115,0.012798387440852821,0.09027279913425446,0.41281336545944214,0.9998586475849152,0.00023600361600983888,21820.59702706337,34
0.0026997854001820087,0.0026997854001820087,0.0026997854001820087,0.0,0.0,0.0,0.0,0.0,0.0,0.0,75,760000,8.444185368716717e-06,4.62165844279383e-05,-0.0034852372482419014,-0.03484036214649677,0.008185478392988443,0.05626306310296059,0.41284874081611633,0.9999940097332001,-4.338148391980212e-05,22124.83219766617,34
0.001081821508705616,0.001081821508705616,0.001081821508705616,0.0,0.0,0.0,0.0,0.0,0.0,0.0,76,770000,1.8167552525483188e-05,-0.0001323073376902073,-0.003883745288476348,-0.03883258067071438,0.011203721165657043,0.09258586168289185,0.41290850937366486,0.9999028742313385,-0.00014091333287069574,22432.45519542694,34
0.0028790696524083614,0.0028790696524083614,0.0028790696524083614,0.0,0.0,0.0,0.0,0.0,0.0,0.0,77,780000,6.3002876231621485e-06,0.00010678013643472539,-0.0032937682699412107,-0.03294504061341286,0.012460457161068916,0.06091673858463764,0.4128187894821167,1.0000447034835815,0.00045300314377527684,22701.438611268997,34
0.0016451891278848052,0.0016451891278848052,0.0016451891278848052,0.0,0.0,0.0,0.0,0.0,0.0,0.0,78,790000,1.897469928735518e-05,8.967781324420443e-06,-0.0035559990210458636,-0.035549096763134,0.011100522533524781,0.09084274992346764,0.4127380847930908,1.000000387430191,0.0004209815597278066,22991.42831516266,34
0.0024700600188225508,0.0024700600188225508,0.0024700600188225508,0.0,0.0,0.0,0.0,0.0,0.0,0.0,79,800000,2.3218443857331295e-05,-7.436485299841533e-05,-0.003803353407420218,-0.03800727240741253,0.008717242395505309,0.06404200568795204,0.4127695560455322,0.9999867379665375,-2.7254980068391887e-05,23277.267587184906,34
0.0036288523115217686,0.0036288523115217686,0.0036288523115217686,0.0,0.0,0.0,0.0,0.0,0.0,0.0,80,810000,1.6899563433980802e-05,2.523956262745486e-05,-0.00357219111174345,-0.0357188954949379,0.009641996352002025,0.09211352095007896,0.4127671420574188,1.0000734627246857,0.00010625280265230685,23512.650456428528,34
0.004127492196857929,0.004127492196857929,0.004127492196857929,0.0,0.0,0.0,0.0,0.0,0.0,0.0,81,820000,9.299179055233253e-06,-9.390797301889187e-05,-0.003577111754566431,-0.03576439805328846,0.01230867300182581,0.09737581014633179,0.4127829819917679,0.9999671280384064,3.261711390223354e-05,23800.386142015457,34
0.0017384631792083383,0.0017384631792083383,0.0017384631792083383,0.0,0.0,0.0,0.0,0.0,0.0,0.0,82,830000,2.723931993386941e-05,-6.961889080692174e-05,-0.003780246712267399,-0.03780557028949261,0.008507343707606196,0.1049642488360405,0.41281796991825104,0.9998940825462341,-4.2044372094096616e-05,24082.068827867508,34
-0.0013885963708162308,-0.0013885963708162308,-0.0013885963708162308,0.0,0.0,0.0,0.0,0.0,0.0,0.0,83,840000,2.5047604140127078e-05,2.8115273368989335e-05,-0.0039849127642810345,-0.03984287567436695,0.022034311667084694,0.06750323064625263,0.41281192004680634,1.0001142621040344,0.00012274696928216144,24363.363967180252,34
0.00040559255285188556,0.00040559255285188556,0.00040559255285188556,0.0,0.0,0.0,0.0,0.0,0.0,0.0,84,850000,1.5899005347819184e-05,-1.8461085131704635e-05,-0.0037447528447955847,-0.03745696507394314,0.012055895756930113,0.07967342436313629,0.41279348731040955,0.999920129776001,0.00017082067051887861,24632.006021261215,34
0.003773526521399617,0.003773526521399617,0.003773526521399617,0.0,0.0,0.0,0.0,0.0,0.0,0.0,85,860000,2.5027139599842485e-05,-4.379081670044527e-06,-0.003577501978725195,-0.035757701843976974,0.025183259043842554,0.056844488717615604,0.4127873331308365,0.9999736547470093,0.0001217942699440755,24905.71866250038,34
-0.0017439003568142653,-0.0017439003568142653,-0.0017439003568142653,0.0,0.0,0.0,0.0,0.0,0.0,0.0,86,870000,1.9023560525965877e-05,-5.404453259538755e-05,-0.0037024253979325294,-0.036976391449570656,0.01488271588459611,0.09719892591238022,0.4127998799085617,0.9999301731586456,4.556306157610379e-05,25197.040128469467,34
0.002694713417440653,0.002694713417440653,0.002694713417440653,0.0,0.0,0.0,0.0,0.0,0.0,0.0,87,880000,1.9513377083058003e-05,-3.21910842728812e-05,-0.0036866868613287807,-0.03687586449086666,0.01962122891563922,0.05653383210301399,0.4127173125743866,0.999979168176651,0.0004273848462617025,25468.27094268799,34
-0.0002527979086153209,-0.0002527979086153209,-0.0002527979086153209,0.0,0.0,0.0,0.0,0.0,0.0,0.0,88,890000,2.5122023544099648e-05,9.583835345683411e-05,-0.003693972364999354,-0.03691072762012482,0.006990334135480225,0.07745584286749363,0.41274914145469666,1.0000991225242615,-2.8968521291972138e-05,25750.2038295269,34
0.0043174815364181995,0.0043174815364181995,0.0043174815364181995,0.0,0.0,0.0,0.0,0.0,0.0,0.0,89,900000,2.2089907815825427e-05,5.881137728014352e-05,-0.0035575154470279813,-0.035541875287890434,0.025270491372793913,0.08058788813650608,0.4127616435289383,1.0000795125961304,4.734715730592143e-05,26029.577753543854,34
0.0047081890515983105,0.0047081890515983105,0.0047081890515983105,0.0,0.0,0.0,0.0,0.0,0.0,0.0,90,910000,2.0255726212781155e-05,-9.124851481523422e-06,-0.003961603273637593,-0.03962539695203304,0.009121979353949428,0.08528703171759844,0.4127689301967621,0.99986732006073,6.941807623661589e-05,26319.29173541069,34
0.003215619595721364,0.003215619595721364,0.003215619595721364,0.0,0.0,0.0,0.0,0.0,0.0,0.0,91,920000,2.6939203507936327e-05,2.389492929211201e-05,-0.0035526970168575644,-0.03552197478711605,0.03673137258738279,0.06782376021146774,0.41275061666965485,1.0000775456428528,0.00016899452657526126,26601.397373199463,34
0.0026397707406431437,0.0026397707406431437,0.0026397707406431437,0.0,0.0,0.0,0.0,0.0,0.0,0.0,92,930000,1.953143782884581e-05,5.435085197680323e-05,-0.0037011575186625123,-0.03697703592479229,0.009081791387870908,0.07729063555598259,0.41280221939086914,1.0001208782196045,-0.00010678835133148823,26896.129214048386,34
0.0038330573588609695,0.0038330573588609695,0.0038330573588609695,0.0,0.0,0.0,0.0,0.0,0.0,0.0,93,940000,2.5001932044688147e-05,4.262518984032848e-05,-0.0034847005736082792,-0.03483895771205425,0.02789263124577701,0.07577977515757084,0.41280801594257355,0.9998829960823059,7.505889703907087e-05,27188.567603826523,34
0.0031012692488729954,0.0031012692488729954,0.0031012692488729954,0.0,0.0,0.0,0.0,0.0,0.0,0.0,94,950000,1.5946369330777088e-05,6.052265022304937e-05,-0.0036043321015313268,-0.03600296191871166,0.012494747526943684,0.09160507470369339,0.41282328963279724,0.9998971521854401,3.714409831445664e-05,27473.594492673874,34
0.0019390214001759887,0.0019390214001759887,0.0019390214001759887,0.0,0.0,0.0,0.0,0.0,0.0,0.0,95,960000,2.785564174700994e-05,9.76037968491994e-06,-0.003709428128786385,-0.03707697428762913,0.02444787183776498,0.08864855207502842,0.41282863914966583,0.9999329745769501,7.768032742205833e-05,27747.811215400696,34
0.0009448626078665257,0.0009448626078665257,0.0009448626078665257,0.0,0.0,0.0,0.0,0.0,0.0,0.0,96,970000,2.6921703010884812e-05,-3.986234513009279e-05,-0.0036949049681425095,-0.036936668679118156,0.02434641867876053,0.07340233400464058,0.41284914314746857,1.0000895857810974,1.9595030607888475e-05,28043.51680803299,34
0.0006329484167508781,0.0006329484167508781,0.0006329484167508781,0.0,0.0,0.0,0.0,0.0,0.0,0.0,97,980000,2.576810038590338e-05,-4.842948829075766e-06,-0.0037218204233795404,-0.037188759073615074,0.029184188693761826,0.07760113850235939,0.4128546565771103,1.0000272691249847,7.637978524144273e-05,28319.355803251266,34
0.0012233953457325697,0.0012233953457325697,0.0012233953457325697,0.0,0.0,0.0,0.0,0.0,0.0,0.0,98,990000,1.340513472314342e-05,-8.63933576189524e-06,-0.0034747738391160965,-0.0347240325063467,0.017107531195506454,0.07705727219581604,0.4128768891096115,0.9998428821563721,5.89619594393298e-06,28590.486841201782,34
0.004844817332923412,0.004844817332923412,0.004844817332923412,0.0,0.0,0.0,0.0,0.0,0.0,0.0,99,1000000,1.2479062888814951e-05,-0.00015692036838732548,-0.003576799063012004,-0.035779012367129326,0.0048207566142082214,0.05895223096013069,0.41289950907230377,1.0002151727676392,7.0813330239616334e-06,28891.549823999405,34
0.006653483025729656,0.006653483025729656,0.006653483025729656,0.0,0.0,0.0,0.0,0.0,0.0,0.0,100,1010000,2.4158145606634207e-05,6.87203433247241e-05,-0.0038647681940346956,-0.03862031549215317,0.02682122285477817,0.08357065916061401,0.41294096410274506,1.0000670552253723,-6.675087570329197e-05,29195.830657482147,34
-0.003376686479896307,-0.003376686479896307,-0.003376686479896307,0.0,0.0,0.0,0.0,0.0,0.0,0.0,101,1020000,2.784698153845966e-05,-7.847032583097047e-05,-0.003736610640771687,-0.03738107159733772,0.02804582193493843,0.03137421980500221,0.4129572957754135,0.9998717308044434,3.487144203973003e-05,29489.008419513702,34
-0.00010700717393774539,-0.00010700717393774539,-0.00010700717393774539,0.0,0.0,0.0,0.0,0.0,0.0,0.0,102,1030000,3.6864012145088054e-05,-0.00011644034500934985,-0.003655626787804067,-0.03654318116605282,0.027992712217383087,0.04346977360546589,0.4129817634820938,1.000139057636261,2.0556326489895582e-06,29797.579283952713,34
0.004301955457776785,0.004301955457776785,0.004301955457776785,0.0,0.0,0.0,0.0,0.0,0.0,0.0,103,1040000,1.924444995893282e-05,-0.00017224521017622507,-0.0035630270140245557,-0.035595478489995,0.03691188897937536,0.03533595986664295,0.41297547519207,1.0001083016395569,0.00012198078002256807,30092.793701648712,34
-0.0007714224047958851,-0.0007714224047958851,-0.0007714224047958851,0.0,0.0,0.0,0.0,0.0,0.0,0.0,104,1050000,4.471763804758666e-05,-7.411480040797613e-06,-0.003529201145283878,-0.03526846691966057,0.040712045039981604,0.045995770022273064,0.4129880368709564,0.9997071921825409,4.896981408819556e-05,30373.3288128376,34
0.0015364679275080562,0.0015364679275080562,0.0015364679275080562,0.0,0.0,0.0,0.0,0.0,0.0,0.0,105,1060000,2.9920496672275476e-05,4.2676450417111766e-05,-0.00374471687246114,-0.037466587498784065,0.03387588495388627,0.056430794298648834,0.4129820317029953,1.0000975728034973,0.00012306507778703235,30611.901448488235,34
0.014440017752349377,0.014440017752349377,0.014440017752349377,0.0,0.0,0.0,0.0,0.0,0.0,0.0,106,1070000,2.016397002080339e-05,-7.082872074093416e-05,-0.0037139025516808033,-0.0371297188103199,0.03467483748681843,0.07078570127487183,0.41297978162765503,1.0001111030578613,0.00010785300764837302,30843.23388195038,34
0.003781487001106143,0.003781487001106143,0.003781487001106143,0.0,0.0,0.0,0.0,0.0,0.0,0.0,107,1080000,3.58881734427996e-05,-1.5536117664360916e-05,-0.003718850202858448,-0.03720050863921642,0.02906752470880747,0.10002435743808746,0.41295959055423737,0.9998500347137451,0.00017694334383122623,31115.601509571075,34
-0.0008941733976826072,-0.0008941733976826072,-0.0008941733976826072,0.0,0.0,0.0,0.0,0.0,0.0,0.0,108,1090000,3.27788393406081e-05,-1.5145349843148637e-05,-0.003764268825761974,-0.03762306831777096,0.030379347503185272,0.041707050986588,0.412950336933136,1.0000227093696594,0.0001341730312560685,31453.599257707596,34
0.006044924724847078,0.006044924724847078,0.006044924724847078,0.0,0.0,0.0,0.0,0.0,0.0,0.0,109,1100000,1.6226446405198658e-05,6.085791455689993e-05,-0.0030057121766731143,-0.030066316947340965,0.03572602290660143,0.09576600417494774,0.4129067063331604,0.9999253749847412,0.0002710562475840561,31754.771565437317,34
0.00702448096126318,0.00702448096126318,0.00702448096126318,0.0,0.0,0.0,0.0,0.0,0.0,0.0,110,1110000,1.3987287275085691e-05,4.191370190831378e-05,-0.0034019392915070057,-0.03400557301938534,0.026988017372787,0.10560402646660805,0.4128630757331848,0.9999479353427887,0.00027196980227017775,32056.463161468506,34
0.0012240707874298096,0.0012240707874298096,0.0012240707874298096,0.0,0.0,0.0,0.0,0.0,0.0,0.0,111,1120000,2.7414314899942838e-05,-5.1739024306662884e-05,-0.0035211805952712893,-0.035224130377173424,0.03638232033699751,0.0920189619064331,0.412875771522522,0.9999661147594452,4.8082902139867656e-05,32371.26176404953,34
0.00426750723272562,0.00426750723272562,0.00426750723272562,0.0,0.0,0.0,0.0,0.0,0.0,0.0,112,1130000,2.445923701088759e-05,-8.327400952090613e-05,-0.003660825896076858,-0.03659856505692005,0.01427050307393074,0.11445596441626549,0.41284404695034027,0.9999741315841675,0.0002241938809675048,32697.30965089798,34
0.003615026129409671,0.003615026129409671,0.003615026129409671,0.0,0.0,0.0,0.0,0.0,0.0,0.0,113,1140000,3.45592734447564e-05,1.2028694579280241e-05,-0.0033824900165200233,-0.03380731865763664,0.04576996527612209,0.07285632565617561,0.4128457307815552,0.9999409019947052,9.171868259727489e-05,33002.69147229195,34
0.013403942808508873,0.013403942808508873,0.013403942808508873,0.0,0.0,0.0,0.0,0.0,0.0,0.0,114,1150000,3.1168800887826364e-05,-1.2506866605033196e-05,-0.003863940597511828,-0.03866257518529892,0.031231609173119068,0.07326599024236202,0.4128512293100357,0.9999262094497681,7.504800305468962e-05,33296.00953936577,34
0.007775736507028341,0.007775736507028341,0.007775736507028341,0.0,0.0,0.0,0.0,0.0,0.0,0.0,115,1160000,1.0662385648174677e-05,-0.0001645308532287615,-0.0032323419582098722,-0.03232855815440416,0.025735574774444103,0.06600108370184898,0.41280587017536163,1.0000545382499695,0.0002785888791549951,33612.08385562897,34
0.00040701558464206755,0.00040701558464206755,0.00040701558464206755,0.0,0.0,0.0,0.0,0.0,0.0,0.0,116,1170000,1.0860077054530848e-05,5.1471708124584126e-06,-0.003160736756399274,-0.03159743640571833,0.018172822892665863,0.06381794065237045,0.4127981960773468,0.9998552203178406,0.00012732480900012888,33926.19221138954,34
0.009669443592429161,0.009669443592429161,0.009669443592429161,0.0,0.0,0.0,0.0,0.0,0.0,0.0,117,1180000,2.815621337504126e-05,1.7564965167471414e-05,-0.003749719471670687,-0.037503814324736595,0.041088446974754333,0.047194017097353935,0.41281379759311676,0.9999203681945801,3.685050887725083e-05,34224.76042866707,34
0.005272473208606243,0.005272473208606243,0.005272473208606243,0.0,0.0,0.0,0.0,0.0,0.0,0.0,118,1190000,2.0728887648147065e-05,1.7304324542166682e-05,-0.003264641738496721,-0.03263359423726797,0.023359214887022972,0.07546672224998474,0.4128899872303009,0.9999386668205261,-0.00020877461065538228,34534.79861116409,34
-0.004083134233951569,-0.004083134233951569,-0.004083134233951569,0.0,0.0,0.0,0.0,0.0,0.0,0.0,119,1200000,2.603613756946288e-05,-1.0898900107747522e-05,-0.0034823163878172636,-0.03483322821557522,0.04403001070022583,0.06675919890403748,0.4128747582435608,1.0000865757465363,0.00015677878764108755,34816.86677670479,34
0.003184922505170107,0.003184922505170107,0.003184922505170107,0.0,0.0,0.0,0.0,0.0,0.0,0.0,120,1210000,1.5558469385723583e-05,-7.785701700679937e-06,-0.003407407784834504,-0.03408617153763771,0.021782897412776947,0.04001137055456638,0.4128904342651367,0.9998798072338104,3.448330971878022e-05,35125.69881296158,34
0.0023222630843520164,0.0023222630843520164,0.0023222630843520164,0.0,0.0,0.0,0.0,0.0,0.0,0.0,121,1220000,2.235455667687347e-05,-2.9129409615524793e-05,-0.0034010076196864247,-0.034012116491794586,0.031294794753193855,0.06958737410604954,0.4128786027431488,1.0001035928726196,0.00014619986905017868,35445.79295396805,34
0.0007957966881804168,0.0007957966881804168,0.0007957966881804168,0.0,0.0,0.0,0.0,0.0,0.0,0.0,122,1230000,1.2158758181612939e-05,-0.00012488364989415857,-0.00326204439625144,-0.03258455730974674,0.024049527011811733,0.036956106312572956,0.41284751892089844,1.0000815391540527,0.0002200504532083869,35766.005752801895,34
-0.004523436073213816,-0.004523436073213816,-0.004523436073213816,0.0,0.0,0.0,0.0,0.0,0.0,0.0,123,1240000,2.7365809273760533e-05,-7.959747430841269e-06,-0.0035472483141347766,-0.03544665314257145,0.03802356217056513,0.05624954029917717,0.41287246346473694,1.000202476978302,-2.8986796678509563e-06,36071.103056669235,34
0.0014502920676022768,0.0014502920676022768,0.0014502920676022768,0.0,0.0,0.0,0.0,0.0,0.0,0.0,124,1250000,2.5426933461858425e-05,8.789444006973568e-05,-0.00384585780557245,-0.03843405842781067,0.028868921101093292,0.05283054709434509,0.41282783448696136,0.9999931752681732,0.00027694313030224293,36359.81763076782,34
-0.002473613480105996,-0.002473613480105996,-0.002473613480105996,0.0,0.0,0.0,0.0,0.0,0.0,0.0,125,1260000,3.450018630246632e-05,1.5854883953725363e-05,-0.0036557246930897236,-0.03650667332112789,0.01989044580841437,0.050104403868317604,0.4128517061471939,0.9999380111694336,1.2371301636449061e-06,36653.47373533249,34
0.006211854517459869,0.006211854517459869,0.006211854517459869,0.0,0.0,0.0,0.0,0.0,0.0,0.0,126,1270000,2.1423867110570427e-05,-1.2170505350517224e-05,-0.0037639992078766227,-0.037629708647727966,0.02776507055386901,0.05820478964596987,0.41288720071315765,0.9999979734420776,-4.546992568066344e-05,36968.09308075905,34
0.009566428139805794,0.009566428139805794,0.009566428139805794,0.0,0.0,0.0,0.0,0.0,0.0,0.0,127,1280000,2.2520669517689385e-05,-9.185905322667276e-05,-0.0033394673373550177,-0.033347656019032,0.027878047432750463,0.06606235168874264,0.4129159301519394,1.0001201033592224,-1.6554957255721092e-05,37252.30682659149,34
0.006752789951860905,0.006752789951860905,0.006752789951860905,0.0,0.0,0.0,0.0,0.0,0.0,0.0,128,1290000,1.9952307411585934e-05,1.787776997952406e-05,-0.0033335925545543432,-0.03334159962832928,0.04079461470246315,0.08415795490145683,0.4129161834716797,1.0000152289867401,9.775722082849825e-05,37560.600534915924,34
0.0036154910922050476,0.0036154910922050476,0.0036154910922050476,0.0,0.0,0.0,0.0,0.0,0.0,0.0,129,1300000,1.969540016943938e-05,4.839203252959834e-05,-0.003448877716436982,-0.03444751352071762,0.01848994055762887,0.06937572453171015,0.41292908787727356,0.9999876916408539,4.79335431009531e-05,37876.08798313141,34
0.005762896966189146,0.005762896966189146,0.005762896966189146,0.0,0.0,0.0,0.0,0.0,0.0,0.0,130,1310000,2.3232991225086153e-05,-2.0578575378848996e-05,-0.0033296954352408648,-0.033278342336416245,0.04731111414730549,0.06613552011549473,0.41295740008354187,0.99993896484375,-1.3678174582310021e-05,38164.477142333984,34
0.010014820843935013,0.010014820843935013,0.010014820843935013,0.0,0.0,0.0,0.0,0.0,0.0,0.0,131,1320000,1.6554476133023854e-05,6.930236788438293e-05,-0.003735464299097657,-0.037371136248111725,0.01374011766165495,0.0690463911741972,0.41298021376132965,0.9999142587184906,6.08945197200228e-06,38464.94164633751,34
0.013526365160942078,0.013526365160942078,0.013526365160942078,0.0,0.0,0.0,0.0,0.0,0.0,0.0,132,1330000,3.340776947879931e-05,-9.162349564717509e-05,-0.003366118879057467,-0.03364338539540768,0.040234245359897614,0.08117734454572201,0.4129725843667984,1.0000980496406555,0.00012915524439449655,38778.08714032173,34
0.014347662217915058,0.014347662217915058,0.014347662217915058,0.0,0.0,0.0,0.0,0.0,0.0,0.0,133,1340000,2.981625857501058e-05,-3.6489964736041713e-05,-0.0035406049573794007,-0.035383615642786026,0.03240447537973523,0.07378226518630981,0.41298072040081024,0.9999713897705078,6.60691293887794e-05,39082.52882695198,34
0.004570928402245045,0.004570928402245045,0.004570928402245045,0.0,0.0,0.0,0.0,0.0,0.0,0.0,134,1350000,2.443652101646876e-05,-4.2853450036073326e-05,-0.0031609173165634274,-0.031612458638846874,0.03270046319812536,0.06739704683423042,0.4128531366586685,1.0001910328865051,0.0006082495747250505,39367.95259451866,34
0.008398426696658134,0.008398426696658134,0.008398426696658134,0.0,0.0,0.0,0.0,0.0,0.0,0.0,135,1360000,3.6778621506528e-05,-4.8103524057374614e-05,-0.0037312853382900357,-0.03732515312731266,0.04923720471560955,0.05556402541697025,0.412866935133934,0.9998747110366821,4.321956657804549e-05,39694.130923986435,34
0.005367683712393045,0.005367683712393045,0.005367683712393045,0.0,0.0,0.0,0.0,0.0,0.0,0.0,136,1370000,1.6215523828577716e-05,-0.00013043627419984105,-0.0034001852618530393,-0.033963825553655624,0.01950978208333254,0.07354135811328888,0.41287633776664734,1.0002139210700989,6.18639423919376e-05,40001.23284101486,34
-0.0030614896677434444,-0.0030614896677434444,-0.0030614896677434444,0.0,0.0,0.0,0.0,0.0,0.0,0.0,137,1380000,4.1494563447486144e-05,3.5963153478202337e-05,-0.00341628841124475,-0.03415672294795513,0.05166092328727245,0.08470853790640831,0.4128696471452713,0.9999311566352844,0.00012375187907309737,40303.82427191734,34
0.020213713869452477,0.020213713869452477,0.020213713869452477,0.0,0.0,0.0,0.0,0.0,0.0,0.0,138,1390000,2.4131506052071927e-05,8.738421998000234e-06,-0.0035018264316022396,-0.03501707874238491,0.03548578917980194,0.04224941320717335,0.4128728210926056,1.0000362694263458,8.492810593452305e-05,40589.94541287422,34
-0.000746018486097455,-0.000746018486097455,-0.000746018486097455,0.0,0.0,0.0,0.0,0.0,0.0,0.0,139,1400000,3.0597201657656115e-05,-1.3537407372865573e-06,-0.0036173381377011538,-0.03619442693889141,0.030781817622482777,0.06123260222375393,0.4128933995962143,0.9998261630535126,1.5795209037605673e-05,40871.85382318497,34
0.0129439327865839,0.0129439327865839,0.0129439327865839,0.0,0.0,0.0,0.0,0.0,0.0,0.0,140,1410000,1.0914642643911066e-05,-4.660220294017137e-05,-0.003509126603603363,-0.03507618233561516,0.023266158998012543,0.05978343449532986,0.4128390848636627,0.9999624490737915,0.00031587426531132223,41211.19197845459,34
0.006054460071027279,0.006054460071027279,0.006054460071027279,0.0,0.0,0.0,0.0,0.0,0.0,0.0,141,1420000,1.7401973764208378e-05,1.1487960370093475e-05,-0.0032930460292845964,-0.03291801176965237,0.024208887480199337,0.07443506643176079,0.41281865537166595,1.0000734329223633,0.00017584039233042859,41500.807938337326,34
0.002667172346264124,0.002667172346264124,0.002667172346264124,0.0,0.0,0.0,0.0,0.0,0.0,0.0,142,1430000,1.9928435563087987e-05,-2.951788883365225e-05,-0.003344737458974123,-0.03342800959944725,0.021098238416016102,0.03988376073539257,0.4128333479166031,0.9999161064624786,3.9686146578787884e-05,41812.62927746773,34
0.006156982854008675,0.006156982854008675,0.006156982854008675,0.0,0.0,0.0,0.0,0.0,0.0,0.0,143,1440000,1.4679878859169548e-05,4.908604693465435e-05,-0.003333041677251458,-0.03330020047724247,0.011166296200826764,0.057713111862540245,0.41277433931827545,1.000009834766388,0.00033449663169449195,42108.62847161293,34
0.00776159530505538,0.00776159530505538,0.00776159530505538,0.0,0.0,0.0,0.0,0.0,0.0,0.0,144,1450000,1.724563617244712e-05,4.760155665017862e-05,-0.0033814121270552278,-0.033774418756365776,0.026863262057304382,0.04782451223582029,0.4127478748559952,0.999960869550705,0.00020451524505915586,42416.95726799965,34
0.025616277009248734,0.025616277009248734,0.025616277009248734,0.0,0.0,0.0,0.0,0.0,0.0,0.0,145,1460000,1.9199284452042775e-05,8.664679506331652e-05,-0.003649670397862792,-0.03649712912738323,0.0243067629635334,0.051700714975595474,0.4127463847398758,1.000037968158722,0.00010480426954018185,42714.26697063446,34
0.01912647858262062,0.01912647858262062,0.01912647858262062,0.0,0.0,0.0,0.0,0.0,0.0,0.0,146,1470000,4.280731445760466e-05,7.523269439113633e-05,-0.003080112743191421,-0.03079051524400711,0.05222291126847267,0.05127294361591339,0.412712961435318,0.9997961521148682,0.00023246628188644536,43009.71364092827,34
0.00012333717313595116,0.00012333717313595116,0.00012333717313595116,0.0,0.0,0.0,0.0,0.0,0.0,0.0,147,1480000,6.607519844692433e-05,0.00010714120799670823,-0.003207359928637743,-0.032035985961556435,0.06577675649896264,0.04471986787393689,0.4126904755830765,1.0000609755516052,0.00018634527077665552,43326.882942438126,34
0.012321417219936848,0.012321417219936848,0.012321417219936848,0.0,0.0,0.0,0.0,0.0,0.0,0.0,148,1490000,4.7148768317129e-05,-2.5492095234280754e-05,-0.00319240998942405,-0.03191845118999481,0.06901867501437664,0.06582639552652836,0.41274572908878326,1.0000572204589844,-0.00012321595932007767,43647.591891765594,34
-0.011258367449045181,-0.011258367449045181,-0.011258367449045181,0.0,0.0,0.0,0.0,0.0,0.0,0.0,149,1500000,3.114247101621004e-05,-3.324728126141707e-05,-0.003474379307590425,-0.03468510881066322,0.028516563586890697,0.06001957878470421,0.4127301573753357,1.0001401901245117,0.00015972378059814218,43945.315623283386,34
0.013874958269298077,0.013874958269298077,0.013874958269298077,0.0,0.0,0.0,0.0,0.0,0.0,0.0,150,1510000,2.511961429263465e-05,-5.131874110086976e-05,-0.003458497580140829,-0.034602949395775795,0.024251697584986687,0.04465923039242625,0.4127199947834015,0.9999263882637024,0.00013890231639379635,44218.18813443184,34
-0.0007489008130505681,-0.0007489008130505681,-0.0007489008130505681,0.0,0.0,0.0,0.0,0.0,0.0,0.0,151,1520000,4.914833880320657e-05,4.522709880250275e-05,-0.0033817306393757463,-0.033833084627985954,0.06726399064064026,0.057741276919841766,0.41271601617336273,0.9998215734958649,0.00011530664778547361,44541.34004378319,34
0.003984853625297546,0.003984853625297546,0.003984853625297546,0.0,0.0,0.0,0.0,0.0,0.0,0.0,152,1530000,2.9328214623092208e-05,1.5155220255635982e-05,-0.0036270671989768744,-0.036277689039707184,0.03531299252063036,0.031128644943237305,0.41273319721221924,1.000134527683258,3.168807961628772e-05,44839.81467747688,34
0.0021559782326221466,0.0021559782326221466,0.0021559782326221466,0.0,0.0,0.0,0.0,0.0,0.0,0.0,153,1540000,3.3810187233029865e-05,3.389964072852969e-05,-0.0027368778828531504,-0.027348198927938938,0.045847514644265175,0.05892370454967022,0.41268959641456604,0.9999662637710571,0.00027130896341986954,45149.15897345543,34
-0.0075343819335103035,-0.0075343819335103035,-0.0075343819335103035,0.0,0.0,0.0,0.0,0.0,0.0,0.0,154,1550000,3.8758971641073003e-05,4.111022900321615e-05,-0.003620769828557968,-0.03619325906038284,0.03964049182832241,0.033696680795401335,0.4127240478992462,1.0000723600387573,-3.846059553325176e-05,45431.169627428055,34
0.0006958292215131223,0.0006958292215131223,0.0006958292215131223,0.0,0.0,0.0,0.0,0.0,0.0,0.0,155,1560000,3.1775873139849864e-05,0.00012332244450208307,-0.0032672358211129904,-0.0326400026679039,0.03853327967226505,0.05746145732700825,0.41269077360630035,1.0000309646129608,0.00022764431923860684,45707.269872903824,34
-0.00035666412441059947,-0.00035666412441059947,-0.00035666412441059947,0.0,0.0,0.0,0.0,0.0,0.0,0.0,156,1570000,3.18222646455979e-05,5.312023077852501e-05,-0.003421018016524613,-0.034239196218550205,0.03977453429251909,0.028144842013716698,0.41267214715480804,0.9997460544109344,0.0001731560696498491,46002.71957588196,34
0.01616176962852478,0.01616176962852478,0.01616176962852478,0.0,0.0,0.0,0.0,0.0,0.0,0.0,157,1580000,3.0443193281826098e-05,-0.00023880548540056168,-0.0032283366890624166,-0.03228736016899347,0.05012873187661171,0.06552736274898052,0.41261105239391327,0.9999302625656128,0.0003417686093598604,46293.55505990982,34
0.002253615064546466,0.002253615064546466,0.002253615064546466,0.0,0.0,0.0,0.0,0.0,0.0,0.0,158,1590000,4.451191489351913e-05,0.00011986699320853944,-0.003141796914860606,-0.03143357113003731,0.053100901655852795,0.027415563352406025,0.41263188421726227,1.0000650882720947,1.544229598948732e-05,46616.06471705437,34
0.0019358312711119652,0.0019358312711119652,0.0019358312711119652,0.0,0.0,0.0,0.0,0.0,0.0,0.0,159,1600000,3.09151464534807e-05,-2.4189710058131197e-05,-0.0035242665326222777,-0.035158731043338776,0.047051649540662766,0.07502305880188942,0.41264840960502625,1.0000742375850677,3.141462457278976e-05,46909.049845695496,34
0.0038758316077291965,0.0038758316077291965,0.0038758316077291965,0.0,0.0,0.0,0.0,0.0,0.0,0.0,160,1610000,3.274304617661983e-05,-8.196649323233274e-05,-0.002676280913874507,-0.026755969040095806,0.04690233338624239,0.0354576762765646,0.41254958510398865,0.9999898672103882,0.0004905021924059838,47188.65660262108,34
0.02301371470093727,0.02301371470093727,0.02301371470093727,0.0,0.0,0.0,0.0,0.0,0.0,0.0,161,1620000,2.4024171580094844e-05,5.059290063780253e-05,-0.003282414050772786,-0.032832564786076546,0.03982363361865282,0.04991376958787441,0.4125188738107681,1.0002080202102661,0.00022133245511213318,47503.65626621246,34
0.00554874399676919,0.00554874399676919,0.00554874399676919,0.0,0.0,0.0,0.0,0.0,0.0,0.0,162,1630000,6.832586404925678e-05,-5.224533219561067e-05,-0.003114744438789785,-0.03112822212278843,0.07301383838057518,0.04785457067191601,0.41257260739803314,0.999884694814682,-0.0001184903048851993,47783.53219914436,34
0.010573623701930046,0.010573623701930046,0.010573623701930046,0.0,0.0,0.0,0.0,0.0,0.0,0.0,163,1640000,3.067624538743985e-05,-2.5582455910555524e-05,-0.0026226656045764685,-0.026186631992459297,0.04733649268746376,0.04097999958321452,0.4125937819480896,0.9998566508293152,1.1989039194304496e-05,48106.95215201378,34
0.03069232776761055,0.03069232776761055,0.03069232776761055,0.0,0.0,0.0,0.0,0.0,0.0,0.0,164,1650000,6.472411314462079e-05,2.0909166650373567e-05,-0.0037827722262591124,-0.03782001696527004,0.08302854746580124,0.04976755566895008,0.41260385513305664,1.0000301897525787,5.9147924275748665e-05,48418.69546508789,34
-0.002994418842718005,-0.002994418842718005,-0.002994418842718005,0.0,0.0,0.0,0.0,0.0,0.0,0.0,165,1660000,6.799886432418134e-05,-1.3468170528163625e-05,-0.002917027217335999,-0.029160023666918278,0.08227788656949997,0.03723257686942816,0.4126178026199341,0.9999375343322754,4.179565439699218e-05,48743.72626423836,34
0.051572758704423904,0.051572758704423904,0.051572758704423904,0.0,0.0,0.0,0.0,0.0,0.0,0.0,166,1670000,5.389924444898497e-05,8.858513880971586e-05,-0.003804218373261392,-0.038051510229706764,0.061327483505010605,0.05386538244783878,0.412604883313179,0.9999655485153198,0.0001511638838564977,49039.05242848396,34
